Function,Encoding,Crossover,Population,Generations,Mutation_Rate,Crossover_Rate,Best_Fitness,Best_Solution,Seed
Ackley,real,blx-alpha,500,100,0.05,0.8,4.440892098500626e-16,"[-3.19499488502774e-16, -3.6372673223469217e-17]",995450501
Ackley,real,blx-alpha,500,100,0.05,0.8,4.440892098500626e-16,"[-1.1335805858887525e-16, 1.8670495373287437e-16]",995451829
Ackley,real,blx-alpha,500,100,0.05,0.8,4.440892098500626e-16,"[6.244688183439805e-17, -2.4114225345328614e-16]",995453106
Ackley,real,blx-alpha,500,100,0.05,0.8,4.440892098500626e-16,"[-2.9446828676230397e-16, 1.613461246558226e-16]",995454407
Ackley,real,blx-alpha,500,100,0.05,0.8,4.440892098500626e-16,"[-5.377035287517083e-17, 2.902420611440114e-16]",995455731
Ackley,real,blx-alpha,500,100,0.05,0.8,4.440892098500626e-16,"[1.8802194373128476e-16, -3.2362771255599346e-16]",995457076
Ackley,real,blx-alpha,500,100,0.05,0.8,4.440892098500626e-16,"[3.6011139476323306e-16, -8.16238154466231e-18]",995458360
Ackley,real,blx-alpha,500,100,0.05,0.8,4.440892098500626e-16,"[9.696840933620428e-17, -3.2314140732544333e-16]",995459668
Ackley,real,blx-alpha,500,100,0.05,0.8,4.440892098500626e-16,"[3.2833748948689685e-16, 2.086935044171162e-17]",995461691
Ackley,real,blx-alpha,500,100,0.05,0.8,4.440892098500626e-16,"[-4.931339822350623e-17, -3.6079731067109616e-16]",995463010
Ackley,real,blx-alpha,500,100,0.05,0.8,4.440892098500626e-16,"[9.507262707643386e-17, -2.5347292210600857e-17]",995464363
Ackley,real,blx-alpha,500,100,0.05,0.8,4.440892098500626e-16,"[3.354233602081761e-16, 4.145905986890222e-17]",995465712
Ackley,real,blx-alpha,500,100,0.05,0.8,4.440892098500626e-16,"[-2.1427210625706784e-16, 1.2795755024685396e-16]",995467022
Ackley,real,blx-alpha,500,100,0.05,0.8,4.440892098500626e-16,"[-4.092204923927018e-18, -6.004332909616802e-17]",995468312
Ackley,real,blx-alpha,500,100,0.05,0.8,4.440892098500626e-16,"[2.5167898284293752e-17, 1.620101198326278e-16]",995469662
Ackley,real,blx-alpha,500,100,0.05,0.8,4.440892098500626e-16,"[1.1283476769447968e-17, 3.353485254140625e-16]",995470965
Ackley,real,blx-alpha,500,100,0.05,0.8,4.440892098500626e-16,"[-3.2576649796162287e-16, -2.0409416529692623e-16]",995472297
Ackley,real,blx-alpha,500,100,0.05,0.8,4.440892098500626e-16,"[-3.533106403200733e-16, 7.017916448736115e-17]",995473724
Ackley,real,blx-alpha,500,100,0.05,0.8,4.440892098500626e-16,"[1.0804589808519418e-16, 2.862837772276305e-16]",995475256
Ackley,real,blx-alpha,500,100,0.05,0.8,4.440892098500626e-16,"[-3.187461854905794e-16, -1.549543187344611e-16]",995476845
Ackley,real,blx-alpha,500,100,0.05,0.8,4.440892098500626e-16,"[-1.9303659297758103e-16, 1.3385155857157417e-17]",995478199
Ackley,real,blx-alpha,500,100,0.05,0.8,4.440892098500626e-16,"[2.6313853442519102e-17, 1.436464065098369e-16]",995479525
Ackley,real,blx-alpha,500,100,0.05,0.8,4.440892098500626e-16,"[2.7894728097054506e-16, -6.32175023795531e-17]",995480883
Ackley,real,blx-alpha,500,100,0.05,0.8,4.440892098500626e-16,"[1.3734057161649169e-16, 1.8987499738657152e-16]",995482207
Ackley,real,blx-alpha,500,100,0.05,0.8,4.440892098500626e-16,"[1.53325985241238e-16, -1.8158333547810678e-16]",995483591
Ackley,real,blx-alpha,500,100,0.05,0.8,4.440892098500626e-16,"[-5.03499931742987e-17, 5.724373826023298e-17]",995484917
Ackley,real,blx-alpha,500,100,0.05,0.8,4.440892098500626e-16,"[-2.297031736084211e-16, -1.2164927211266421e-16]",995486312
Ackley,real,blx-alpha,500,100,0.05,0.8,4.440892098500626e-16,"[-9.437714722105039e-17, 3.106689875105776e-16]",995487721
Ackley,real,blx-alpha,500,100,0.05,0.8,4.440892098500626e-16,"[-2.8331624971926336e-16, -2.5332940387365397e-16]",995489151
Ackley,real,blx-alpha,500,100,0.05,0.8,4.440892098500626e-16,"[-2.704951044097696e-16, 1.0859551094909497e-16]",995491139
Ackley,binary,2-point,500,100,0.05,0.8,0.0006116008933543,"(0.00015259021896696368, -0.00015259021896696368)",997965976
Ackley,binary,2-point,500,100,0.05,0.8,0.0006116008933543,"(-0.00015259021896696368, -0.00015259021896696368)",997968994
Ackley,binary,2-point,500,100,0.05,0.8,0.0006116008933543,"(-0.00015259021896696368, -0.00015259021896696368)",997972126
Ackley,binary,2-point,500,100,0.05,0.8,0.0013710084880824,"(0.00015259021896696368, -0.000457770656900891)",997975132
Ackley,binary,2-point,500,100,0.05,0.8,0.0006116008933543,"(0.00015259021896696368, 0.00015259021896696368)",997978172
Ackley,binary,2-point,500,100,0.05,0.8,0.0013710084880824,"(0.000457770656900891, -0.00015259021896696368)",997981130
Ackley,binary,2-point,500,100,0.05,0.8,0.0013710084880824,"(-0.00015259021896696368, -0.000457770656900891)",997984266
Ackley,binary,2-point,500,100,0.05,0.8,0.0025376625530104,"(-0.0007629510948348184, 0.000457770656900891)",997987595
Ackley,binary,2-point,500,100,0.05,0.8,0.0006116008933543,"(0.00015259021896696368, -0.00015259021896696368)",997991101
Ackley,binary,2-point,500,100,0.05,0.8,0.0013710084880824,"(0.00015259021896696368, -0.000457770656900891)",997994306
Ackley,binary,2-point,500,100,0.05,0.8,0.0006116008933543,"(-0.00015259021896696368, -0.00015259021896696368)",997997637
Ackley,binary,2-point,500,100,0.05,0.8,0.0006116008933543,"(-0.00015259021896696368, -0.00015259021896696368)",998001292
Ackley,binary,2-point,500,100,0.05,0.8,0.0006116008933543,"(-0.00015259021896696368, 0.00015259021896696368)",998004463
Ackley,binary,2-point,500,100,0.05,0.8,0.0013710084880824,"(0.00015259021896696368, -0.000457770656900891)",998007622
Ackley,binary,2-point,500,100,0.05,0.8,0.0006116008933543,"(-0.00015259021896696368, 0.00015259021896696368)",998010792
Ackley,binary,2-point,500,100,0.05,0.8,0.0006116008933543,"(-0.00015259021896696368, -0.00015259021896696368)",998014003
Ackley,binary,2-point,500,100,0.05,0.8,0.0013710084880824,"(-0.000457770656900891, -0.00015259021896696368)",998017448
Ackley,binary,2-point,500,100,0.05,0.8,0.0022168075915236,"(-0.0007629510948348184, 0.00015259021896696368)",998020692
Ackley,binary,2-point,500,100,0.05,0.8,0.0013710084880824,"(-0.00015259021896696368, 0.000457770656900891)",998023816
Ackley,binary,2-point,500,100,0.05,0.8,0.0006116008933543,"(-0.00015259021896696368, -0.00015259021896696368)",998026955
Ackley,binary,2-point,500,100,0.05,0.8,0.0013710084880824,"(-0.00015259021896696368, -0.000457770656900891)",998030134
Ackley,binary,2-point,500,100,0.05,0.8,0.0006116008933543,"(0.00015259021896696368, 0.00015259021896696368)",998033495
Ackley,binary,2-point,500,100,0.05,0.8,0.0006116008933543,"(-0.00015259021896696368, -0.00015259021896696368)",998036628
Ackley,binary,2-point,500,100,0.05,0.8,0.0006116008933543,"(0.00015259021896696368, -0.00015259021896696368)",998039806
Ackley,binary,2-point,500,100,0.05,0.8,0.0006116008933543,"(0.00015259021896696368, 0.00015259021896696368)",998042904
Ackley,binary,2-point,500,100,0.05,0.8,0.0013710084880824,"(0.00015259021896696368, -0.000457770656900891)",998046221
Ackley,binary,2-point,500,100,0.05,0.8,0.0006116008933543,"(-0.00015259021896696368, -0.00015259021896696368)",998049507
Ackley,binary,2-point,500,100,0.05,0.8,0.0006116008933543,"(-0.00015259021896696368, -0.00015259021896696368)",998052714
Ackley,binary,2-point,500,100,0.05,0.8,0.0006116008933543,"(0.00015259021896696368, 0.00015259021896696368)",998055984
Ackley,binary,2-point,500,100,0.05,0.8,0.0013710084880824,"(0.00015259021896696368, 0.000457770656900891)",998059359
Ackley,binary,1-point,500,100,0.05,0.8,0.0006116008933543,"(-0.00015259021896696368, 0.00015259021896696368)",999511913
Ackley,binary,1-point,500,100,0.05,0.8,0.0006116008933543,"(-0.00015259021896696368, -0.00015259021896696368)",999515107
Ackley,binary,1-point,500,100,0.05,0.8,0.0013710084880824,"(0.00015259021896696368, 0.000457770656900891)",999518342
Ackley,binary,1-point,500,100,0.05,0.8,0.0006116008933543,"(-0.00015259021896696368, 0.00015259021896696368)",999521550
Ackley,binary,1-point,500,100,0.05,0.8,0.0006116008933543,"(-0.00015259021896696368, 0.00015259021896696368)",999525711
Ackley,binary,1-point,500,100,0.05,0.8,0.0006116008933543,"(-0.00015259021896696368, -0.00015259021896696368)",999529113
Ackley,binary,1-point,500,100,0.05,0.8,0.0006116008933543,"(-0.00015259021896696368, 0.00015259021896696368)",999532665
Ackley,binary,1-point,500,100,0.05,0.8,0.0006116008933543,"(0.00015259021896696368, 0.00015259021896696368)",999536177
Ackley,binary,1-point,500,100,0.05,0.8,0.0013710084880824,"(0.00015259021896696368, 0.000457770656900891)",999540605
Ackley,binary,1-point,500,100,0.05,0.8,0.0006116008933543,"(0.00015259021896696368, -0.00015259021896696368)",999544986
Ackley,binary,1-point,500,100,0.05,0.8,0.0006116008933543,"(0.00015259021896696368, -0.00015259021896696368)",999549363
Ackley,binary,1-point,500,100,0.05,0.8,0.0006116008933543,"(0.00015259021896696368, -0.00015259021896696368)",999555634
Ackley,binary,1-point,500,100,0.05,0.8,0.0006116008933543,"(-0.00015259021896696368, 0.00015259021896696368)",999561588
Ackley,binary,1-point,500,100,0.05,0.8,0.0013710084880824,"(0.00015259021896696368, -0.000457770656900891)",999567157
Ackley,binary,1-point,500,100,0.05,0.8,0.0006116008933543,"(-0.00015259021896696368, -0.00015259021896696368)",999580420
Ackley,binary,1-point,500,100,0.05,0.8,0.0006116008933543,"(0.00015259021896696368, 0.00015259021896696368)",999586991
Ackley,binary,1-point,500,100,0.05,0.8,0.0006116008933543,"(-0.00015259021896696368, 0.00015259021896696368)",999592453
Ackley,binary,1-point,500,100,0.05,0.8,0.0006116008933543,"(-0.00015259021896696368, -0.00015259021896696368)",999598304
Ackley,binary,1-point,500,100,0.05,0.8,0.0006116008933543,"(0.00015259021896696368, -0.00015259021896696368)",999604348
Ackley,binary,1-point,500,100,0.05,0.8,0.0006116008933543,"(-0.00015259021896696368, -0.00015259021896696368)",999610107
Ackley,binary,1-point,500,100,0.05,0.8,0.0006116008933543,"(0.00015259021896696368, -0.00015259021896696368)",999618393
Ackley,binary,1-point,500,100,0.05,0.8,0.0013710084880824,"(-0.000457770656900891, 0.00015259021896696368)",999623949
Ackley,binary,1-point,500,100,0.05,0.8,0.0013710084880824,"(-0.000457770656900891, 0.00015259021896696368)",999630914
Ackley,binary,1-point,500,100,0.05,0.8,0.0013710084880824,"(-0.00015259021896696368, 0.000457770656900891)",999636262
Ackley,binary,1-point,500,100,0.05,0.8,0.0006116008933543,"(-0.00015259021896696368, -0.00015259021896696368)",999641680
Ackley,binary,1-point,500,100,0.05,0.8,0.0006116008933543,"(0.00015259021896696368, -0.00015259021896696368)",999648033
Ackley,binary,1-point,500,100,0.05,0.8,0.0013710084880824,"(-0.000457770656900891, -0.00015259021896696368)",999653199
Ackley,binary,1-point,500,100,0.05,0.8,0.0013710084880824,"(-0.00015259021896696368, -0.000457770656900891)",999659391
Ackley,binary,1-point,500,100,0.05,0.8,0.0006116008933543,"(-0.00015259021896696368, 0.00015259021896696368)",999664449
Ackley,binary,1-point,500,100,0.05,0.8,0.0013710084880824,"(0.00015259021896696368, 0.000457770656900891)",999670184
Ackley,real,arithmetic,500,100,0.05,0.8,4.440892098500626e-16,"[4.303395330406542e-17, -1.878910455270786e-16]",999695655
Ackley,real,arithmetic,500,100,0.05,0.8,4.440892098500626e-16,"[7.221282078985263e-17, -1.9734402523885104e-16]",999697532
Ackley,real,arithmetic,500,100,0.05,0.8,4.440892098500626e-16,"[-2.6954641747260243e-16, 2.417263536706055e-16]",999700026
Ackley,real,arithmetic,500,100,0.05,0.8,4.440892098500626e-16,"[-1.7840587502201437e-16, 1.2846577013486235e-16]",999701997
Ackley,real,arithmetic,500,100,0.05,0.8,4.440892098500626e-16,"[-2.1735899993947744e-16, 2.1469143919927648e-16]",999705263
Ackley,real,arithmetic,500,100,0.05,0.8,4.440892098500626e-16,"[-8.821210643827045e-17, 3.637353822775436e-16]",999707359
Ackley,real,arithmetic,500,100,0.05,0.8,4.440892098500626e-16,"[4.973190618325682e-17, -2.360717349349943e-16]",999709550
Ackley,real,arithmetic,500,100,0.05,0.8,4.440892098500626e-16,"[-2.8955945330084283e-16, 2.5181299324130245e-16]",999711842
Ackley,real,arithmetic,500,100,0.05,0.8,4.440892098500626e-16,"[-1.5191602474437183e-16, 6.906806406427026e-17]",999713915
Ackley,real,arithmetic,500,100,0.05,0.8,4.440892098500626e-16,"[3.639555385766715e-16, -2.580616016532303e-17]",999716055
Ackley,real,arithmetic,500,100,0.05,0.8,4.440892098500626e-16,"[1.7327628772192019e-16, -2.1483708222471426e-16]",999718976
Ackley,real,arithmetic,500,100,0.05,0.8,4.440892098500626e-16,"[7.296714452650172e-17, -9.799485417399534e-17]",999722052
Ackley,real,arithmetic,500,100,0.05,0.8,4.440892098500626e-16,"[-1.2871627590264239e-16, 2.1447596734379173e-16]",999724088
Ackley,real,arithmetic,500,100,0.05,0.8,4.440892098500626e-16,"[3.1029414499498945e-16, 1.958689426004036e-16]",999726108
Ackley,real,arithmetic,500,100,0.05,0.8,4.440892098500626e-16,"[-1.6582328468860776e-16, 2.0908984884887863e-16]",999728090
Ackley,real,arithmetic,500,100,0.05,0.8,4.440892098500626e-16,"[-2.099028732235875e-16, 1.6416027251549719e-16]",999730075
Ackley,real,arithmetic,500,100,0.05,0.8,4.440892098500626e-16,"[2.4467368435942884e-16, 4.1247200883163843e-17]",999732183
Ackley,real,arithmetic,500,100,0.05,0.8,4.440892098500626e-16,"[3.1898193680969657e-18, 2.4221245479884145e-16]",999735290
Ackley,real,arithmetic,500,100,0.05,0.8,4.440892098500626e-16,"[-1.8724247087015757e-16, 2.0398499899122647e-16]",999737172
Ackley,real,arithmetic,500,100,0.05,0.8,4.440892098500626e-16,"[2.537090075972629e-16, -6.013761843984441e-17]",999739127
Ackley,real,arithmetic,500,100,0.05,0.8,4.440892098500626e-16,"[-1.1883765003536523e-16, 2.2019570316403066e-16]",999741079
Ackley,real,arithmetic,500,100,0.05,0.8,4.440892098500626e-16,"[2.37553982521243e-16, 2.435561672782974e-16]",999743011
Ackley,real,arithmetic,500,100,0.05,0.8,4.440892098500626e-16,"[1.1507535340780174e-16, -1.0623417738369675e-16]",999744919
Ackley,real,arithmetic,500,100,0.05,0.8,4.440892098500626e-16,"[-3.0735033431370747e-16, -3.251891472092486e-17]",999746846
Ackley,real,arithmetic,500,100,0.05,0.8,4.440892098500626e-16,"[3.093517908382491e-16, 1.8125882922584142e-16]",999749857
Ackley,real,arithmetic,500,100,0.05,0.8,4.440892098500626e-16,"[-3.2775182464751527e-16, -3.5352252969315994e-17]",999751798
Ackley,real,arithmetic,500,100,0.05,0.8,4.440892098500626e-16,"[-2.0182454229568953e-16, -2.0555748978495e-17]",999753742
Ackley,real,arithmetic,500,100,0.05,0.8,4.440892098500626e-16,"[1.277596692685806e-16, -3.199137405201083e-16]",999755874
Ackley,real,arithmetic,500,100,0.05,0.8,4.440892098500626e-16,"[2.6943295340047366e-16, 1.8793176319419637e-16]",999757852
Ackley,real,arithmetic,500,100,0.05,0.8,4.440892098500626e-16,"[-2.0073029376535686e-16, -7.626839136074941e-17]",999759829
Rastrigin,binary,1-point,500,100,0.05,0.8,2.30965831704566e-06,"(7.629510948348184e-05, 7.629510948348184e-05)",999804159
Rastrigin,binary,1-point,500,100,0.05,0.8,2.30965831704566e-06,"(-7.629510948348184e-05, 7.629510948348184e-05)",999806743
Rastrigin,binary,1-point,500,100,0.05,0.8,2.30965831704566e-06,"(-7.629510948348184e-05, -7.629510948348184e-05)",999810698
Rastrigin,binary,1-point,500,100,0.05,0.8,2.30965831704566e-06,"(-7.629510948348184e-05, 7.629510948348184e-05)",999813790
Rastrigin,binary,1-point,500,100,0.05,0.8,2.30965831704566e-06,"(7.629510948348184e-05, 7.629510948348184e-05)",999816852
Rastrigin,binary,1-point,500,100,0.05,0.8,2.30965831704566e-06,"(7.629510948348184e-05, 7.629510948348184e-05)",999819907
Rastrigin,binary,1-point,500,100,0.05,0.8,2.30965831704566e-06,"(7.629510948348184e-05, 7.629510948348184e-05)",999823194
Rastrigin,binary,1-point,500,100,0.05,0.8,2.30965831704566e-06,"(7.629510948348184e-05, -7.629510948348184e-05)",999827457
Rastrigin,binary,1-point,500,100,0.05,0.8,2.30965831704566e-06,"(-7.629510948348184e-05, -7.629510948348184e-05)",999830507
Rastrigin,binary,1-point,500,100,0.05,0.8,2.30965831704566e-06,"(7.629510948348184e-05, 7.629510948348184e-05)",999833494
Rastrigin,binary,1-point,500,100,0.05,0.8,2.30965831704566e-06,"(-7.629510948348184e-05, 7.629510948348184e-05)",999836414
Rastrigin,binary,1-point,500,100,0.05,0.8,2.30965831704566e-06,"(-7.629510948348184e-05, -7.629510948348184e-05)",999840658
Rastrigin,binary,1-point,500,100,0.05,0.8,1.1548290006047068e-05,"(-0.0002288853284504455, 7.629510948348184e-05)",999843779
Rastrigin,binary,1-point,500,100,0.05,0.8,2.30965831704566e-06,"(-7.629510948348184e-05, -7.629510948348184e-05)",999847117
Rastrigin,binary,1-point,500,100,0.05,0.8,1.1548290006047068e-05,"(-0.0002288853284504455, -7.629510948348184e-05)",999850176
Rastrigin,binary,1-point,500,100,0.05,0.8,2.30965831704566e-06,"(7.629510948348184e-05, -7.629510948348184e-05)",999854173
Rastrigin,binary,1-point,500,100,0.05,0.8,2.30965831704566e-06,"(7.629510948348184e-05, -7.629510948348184e-05)",999857415
Rastrigin,binary,1-point,500,100,0.05,0.8,1.1548290006047068e-05,"(7.629510948348184e-05, 0.0002288853284504455)",999860770
Rastrigin,binary,1-point,500,100,0.05,0.8,2.30965831704566e-06,"(-7.629510948348184e-05, 7.629510948348184e-05)",999864846
Rastrigin,binary,1-point,500,100,0.05,0.8,2.30965831704566e-06,"(7.629510948348184e-05, -7.629510948348184e-05)",999868611
Rastrigin,binary,1-point,500,100,0.05,0.8,3.926417662292181e-05,"(-0.0002288853284504455, -0.0003814755474174092)",999872790
Rastrigin,binary,1-point,500,100,0.05,0.8,2.30965831704566e-06,"(-7.629510948348184e-05, 7.629510948348184e-05)",999875878
Rastrigin,binary,1-point,500,100,0.05,0.8,2.30965831704566e-06,"(-7.629510948348184e-05, 7.629510948348184e-05)",999878910
Rastrigin,binary,1-point,500,100,0.05,0.8,1.1548290006047068e-05,"(-7.629510948348184e-05, -0.0002288853284504455)",999882186
Rastrigin,binary,1-point,500,100,0.05,0.8,2.30965831704566e-06,"(-7.629510948348184e-05, 7.629510948348184e-05)",999886974
Rastrigin,binary,1-point,500,100,0.05,0.8,2.30965831704566e-06,"(-7.629510948348184e-05, -7.629510948348184e-05)",999890307
Rastrigin,binary,1-point,500,100,0.05,0.8,3.00255449339204e-05,"(-0.0003814755474174092, 7.629510948348184e-05)",999893574
Rastrigin,binary,1-point,500,100,0.05,0.8,1.1548290006047068e-05,"(-7.629510948348184e-05, 0.0002288853284504455)",999896835
Rastrigin,binary,1-point,500,100,0.05,0.8,1.1548290006047068e-05,"(0.0002288853284504455, 7.629510948348184e-05)",999900951
Rastrigin,binary,1-point,500,100,0.05,0.8,2.30965831704566e-06,"(7.629510948348184e-05, 7.629510948348184e-05)",999904157
Rastrigin,binary,2-point,500,100,0.05,0.8,1.1548290006047068e-05,"(-7.629510948348184e-05, -0.0002288853284504455)",999925768
Rastrigin,binary,2-point,500,100,0.05,0.8,2.30965831704566e-06,"(7.629510948348184e-05, -7.629510948348184e-05)",999928708
Rastrigin,binary,2-point,500,100,0.05,0.8,2.30965831704566e-06,"(-7.629510948348184e-05, 7.629510948348184e-05)",999931365
Rastrigin,binary,2-point,500,100,0.05,0.8,1.1548290006047068e-05,"(-7.629510948348184e-05, -0.0002288853284504455)",999934099
Rastrigin,binary,2-point,500,100,0.05,0.8,2.30965831704566e-06,"(7.629510948348184e-05, 7.629510948348184e-05)",999937152
Rastrigin,binary,2-point,500,100,0.05,0.8,1.1548290006047068e-05,"(7.629510948348184e-05, -0.0002288853284504455)",999940210
Rastrigin,binary,2-point,500,100,0.05,0.8,2.30965831704566e-06,"(-7.629510948348184e-05, -7.629510948348184e-05)",999943559
Rastrigin,binary,2-point,500,100,0.05,0.8,2.30965831704566e-06,"(7.629510948348184e-05, -7.629510948348184e-05)",999949061
Rastrigin,binary,2-point,500,100,0.05,0.8,1.1548290006047068e-05,"(-7.629510948348184e-05, 0.0002288853284504455)",999953035
Rastrigin,binary,2-point,500,100,0.05,0.8,3.00255449339204e-05,"(7.629510948348184e-05, -0.0003814755474174092)",999955846
Rastrigin,binary,2-point,500,100,0.05,0.8,2.30965831704566e-06,"(-7.629510948348184e-05, 7.629510948348184e-05)",999960812
Rastrigin,binary,2-point,500,100,0.05,0.8,1.1548290006047068e-05,"(0.0002288853284504455, 7.629510948348184e-05)",999964659
Rastrigin,binary,2-point,500,100,0.05,0.8,2.30965831704566e-06,"(7.629510948348184e-05, 7.629510948348184e-05)",999967882
Rastrigin,binary,2-point,500,100,0.05,0.8,1.1548290006047068e-05,"(-0.0002288853284504455, 7.629510948348184e-05)",999971400
Rastrigin,binary,2-point,500,100,0.05,0.8,1.1548290006047068e-05,"(-0.0002288853284504455, 7.629510948348184e-05)",999975936
Rastrigin,binary,2-point,500,100,0.05,0.8,2.30965831704566e-06,"(7.629510948348184e-05, 7.629510948348184e-05)",999979297
Rastrigin,binary,2-point,500,100,0.05,0.8,2.30965831704566e-06,"(-7.629510948348184e-05, 7.629510948348184e-05)",999982812
Rastrigin,binary,2-point,500,100,0.05,0.8,2.30965831704566e-06,"(7.629510948348184e-05, 7.629510948348184e-05)",999986835
Rastrigin,binary,2-point,500,100,0.05,0.8,1.1548290006047068e-05,"(-7.629510948348184e-05, 0.0002288853284504455)",999991345
Rastrigin,binary,2-point,500,100,0.05,0.8,1.1548290006047068e-05,"(0.0002288853284504455, 7.629510948348184e-05)",999994060
Rastrigin,binary,2-point,500,100,0.05,0.8,2.30965831704566e-06,"(-7.629510948348184e-05, -7.629510948348184e-05)",999996597
Rastrigin,binary,2-point,500,100,0.05,0.8,1.1548290006047068e-05,"(7.629510948348184e-05, -0.0002288853284504455)",999999238
Rastrigin,binary,2-point,500,100,0.05,0.8,2.30965831704566e-06,"(-7.629510948348184e-05, -7.629510948348184e-05)",1000002430
Rastrigin,binary,2-point,500,100,0.05,0.8,2.30965831704566e-06,"(-7.629510948348184e-05, 7.629510948348184e-05)",1000007580
Rastrigin,binary,2-point,500,100,0.05,0.8,2.30965831704566e-06,"(7.629510948348184e-05, 7.629510948348184e-05)",1000010813
Rastrigin,binary,2-point,500,100,0.05,0.8,2.30965831704566e-06,"(7.629510948348184e-05, 7.629510948348184e-05)",1000013575
Rastrigin,binary,2-point,500,100,0.05,0.8,1.1548290006047068e-05,"(-7.629510948348184e-05, 0.0002288853284504455)",1000016314
Rastrigin,binary,2-point,500,100,0.05,0.8,2.30965831704566e-06,"(7.629510948348184e-05, -7.629510948348184e-05)",1000019993
Rastrigin,binary,2-point,500,100,0.05,0.8,2.30965831704566e-06,"(7.629510948348184e-05, -7.629510948348184e-05)",1000022585
Rastrigin,binary,2-point,500,100,0.05,0.8,1.1548290006047068e-05,"(7.629510948348184e-05, -0.0002288853284504455)",1000025086
Rastrigin,real,arithmetic,500,100,0.05,0.8,0.0,"[3.066837547009253e-10, 8.55105559450592e-10]",1000045377
Rastrigin,real,arithmetic,500,100,0.05,0.8,0.0,"[2.358287447546815e-10, 3.638901858855175e-10]",1000046182
Rastrigin,real,arithmetic,500,100,0.05,0.8,0.0,"[7.106106286332999e-10, 1.6360216682711674e-09]",1000046989
Rastrigin,real,arithmetic,500,100,0.05,0.8,0.0,"[-1.4155050954764936e-09, -7.381281190595872e-10]",1000047831
Rastrigin,real,arithmetic,500,100,0.05,0.8,0.0,"[1.083086653333777e-09, 8.597155427855506e-10]",1000049322
Rastrigin,real,arithmetic,500,100,0.05,0.8,0.0,"[-6.186607082797556e-10, -1.1704878298618122e-10]",1000050212
Rastrigin,real,arithmetic,500,100,0.05,0.8,0.0,"[1.1428587015580653e-09, 5.986442919248156e-10]",1000051077
Rastrigin,real,arithmetic,500,100,0.05,0.8,0.0,"[-1.4329301858174387e-09, -3.359067684731971e-10]",1000051894
Rastrigin,real,arithmetic,500,100,0.05,0.8,0.0,"[-1.4996578593503978e-09, -1.5025619518175694e-09]",1000052728
Rastrigin,real,arithmetic,500,100,0.05,0.8,0.0,"[-6.692211083429505e-10, -3.4502262509822203e-10]",1000053595
Rastrigin,real,arithmetic,500,100,0.05,0.8,0.0,"[-1.4837618672672386e-09, 8.079282144877318e-10]",1000054427
Rastrigin,real,arithmetic,500,100,0.05,0.8,0.0,"[-6.875660327572943e-10, 1.575022717950294e-09]",1000055282
Rastrigin,real,arithmetic,500,100,0.05,0.8,2.553771917312985e-05,"[-0.0003477920632912923, 8.811472498827843e-05]",1000056138
Rastrigin,real,arithmetic,500,100,0.05,0.8,0.0,"[1.4051937992414245e-09, -1.9525657933703756e-10]",1000056962
Rastrigin,real,arithmetic,500,100,0.05,0.8,0.0,"[-1.6423358407217395e-10, -1.2942628947567343e-09]",1000057816
Rastrigin,real,arithmetic,500,100,0.05,0.8,0.0,"[1.6389243338134474e-09, 1.4603831476960092e-09]",1000058682
Rastrigin,real,arithmetic,500,100,0.05,0.8,0.0,"[9.47741689480028e-10, -3.5913001950309758e-12]",1000059532
Rastrigin,real,arithmetic,500,100,0.05,0.8,0.0,"[-1.7862603538859296e-10, -1.1424485378853963e-09]",1000060393
Rastrigin,real,arithmetic,500,100,0.05,0.8,0.0,"[-2.806695319136718e-11, 4.6038464071181415e-10]",1000061255
Rastrigin,real,arithmetic,500,100,0.05,0.8,0.0,"[-1.1887488025883061e-09, 1.4605403701436252e-09]",1000062118
Rastrigin,real,arithmetic,500,100,0.05,0.8,0.0,"[2.1475344144705066e-10, 4.5222818908830614e-10]",1000062957
Rastrigin,real,arithmetic,500,100,0.05,0.8,0.0,"[-4.484865651964962e-10, 6.224578581764637e-10]",1000064627
Rastrigin,real,arithmetic,500,100,0.05,0.8,0.0,"[-3.0474290532666514e-10, -3.6227161131345256e-10]",1000065673
Rastrigin,real,arithmetic,500,100,0.05,0.8,0.0,"[1.5159221928207243e-11, -1.7473296671619272e-10]",1000066541
Rastrigin,real,arithmetic,500,100,0.05,0.8,0.0,"[1.1824453113067053e-09, 7.909879753230018e-10]",1000067412
Rastrigin,real,arithmetic,500,100,0.05,0.8,0.0,"[-1.1749550052703386e-09, -1.1475294514002603e-09]",1000068304
Rastrigin,real,arithmetic,500,100,0.05,0.8,0.0,"[9.435829358829885e-10, -1.0834767050008116e-09]",1000069162
Rastrigin,real,arithmetic,500,100,0.05,0.8,0.0,"[6.481072088272675e-10, 1.5147108360027296e-09]",1000070038
Rastrigin,real,arithmetic,500,100,0.05,0.8,0.0,"[-3.510106411607569e-10, 3.509008166245055e-10]",1000070916
Rastrigin,real,arithmetic,500,100,0.05,0.8,0.0,"[-5.535317322323159e-10, -1.4080039241442156e-10]",1000071767
Rastrigin,real,blx-alpha,500,100,0.05,0.8,0.0,"[8.663050966118473e-10, 2.3111639531075738e-10]",1000086638
Rastrigin,real,blx-alpha,500,100,0.05,0.8,0.0,"[7.118852243394883e-10, -1.439209241483016e-09]",1000087549
Rastrigin,real,blx-alpha,500,100,0.05,0.8,0.0,"[4.852888170384848e-10, 4.093193979151622e-10]",1000088450
Rastrigin,real,blx-alpha,500,100,0.05,0.8,0.0,"[-5.508230245396919e-10, -2.5205010184617345e-10]",1000089354
Rastrigin,real,blx-alpha,500,100,0.05,0.8,0.0,"[2.4044106673308456e-10, 1.4434040734596965e-09]",1000090251
Rastrigin,real,blx-alpha,500,100,0.05,0.8,0.0,"[7.841978355351654e-10, -1.5508430531622516e-09]",1000091171
Rastrigin,real,blx-alpha,500,100,0.05,0.8,4.127206054249655e-06,"[-3.031017904390408e-07, 0.0001442331065546476]",1000092106
Rastrigin,real,blx-alpha,500,100,0.05,0.8,0.0,"[-4.542744822309843e-10, -3.812840835611095e-10]",1000093050
Rastrigin,real,blx-alpha,500,100,0.05,0.8,0.0,"[8.230608808080248e-10, -7.79783993957583e-11]",1000094635
Rastrigin,real,blx-alpha,500,100,0.05,0.8,0.0,"[-3.940087753736019e-10, -1.448040761460621e-09]",1000095578
Rastrigin,real,blx-alpha,500,100,0.05,0.8,0.0,"[2.814852840576341e-10, -1.4352070366555583e-09]",1000096506
Rastrigin,real,blx-alpha,500,100,0.05,0.8,0.0,"[1.0465230711868586e-09, -1.0241176825918476e-09]",1000097443
Rastrigin,real,blx-alpha,500,100,0.05,0.8,0.0,"[4.445359755887811e-10, -1.2073142789658647e-09]",1000098381
Rastrigin,real,blx-alpha,500,100,0.05,0.8,0.0,"[1.4958195569988006e-09, 6.934303968257174e-10]",1000099314
Rastrigin,real,blx-alpha,500,100,0.05,0.8,0.0,"[1.6325321263383354e-09, -3.928255140103464e-10]",1000100251
Rastrigin,real,blx-alpha,500,100,0.05,0.8,0.0,"[1.624986019956376e-09, 4.425234770527985e-10]",1000101274
Rastrigin,real,blx-alpha,500,100,0.05,0.8,0.0,"[2.4010157248623256e-10, -6.378260797707336e-10]",1000102263
Rastrigin,real,blx-alpha,500,100,0.05,0.8,0.0,"[1.0329600425838094e-09, -1.1520167714870058e-09]",1000103271
Rastrigin,real,blx-alpha,500,100,0.05,0.8,0.0,"[6.729778532252624e-10, -6.739376061118621e-10]",1000104276
Rastrigin,real,blx-alpha,500,100,0.05,0.8,0.0,"[1.5849864378080233e-09, 7.48370977075573e-10]",1000105250
Rastrigin,real,blx-alpha,500,100,0.05,0.8,0.0,"[9.474704278956135e-10, -8.867954273329926e-10]",1000106218
Rastrigin,real,blx-alpha,500,100,0.05,0.8,0.0,"[-1.495584200804518e-09, -1.0038315223602697e-09]",1000107182
Rastrigin,real,blx-alpha,500,100,0.05,0.8,0.0,"[1.1526911317724238e-09, -1.3600378697447064e-09]",1000108129
Rastrigin,real,blx-alpha,500,100,0.05,0.8,0.0,"[1.0875119814868508e-09, 4.1967677655646e-10]",1000109765
Rastrigin,real,blx-alpha,500,100,0.05,0.8,0.0,"[1.2210327852591174e-09, 3.290242844961392e-10]",1000110751
Rastrigin,real,blx-alpha,500,100,0.05,0.8,0.0,"[9.085809162047847e-10, -6.081443617984113e-10]",1000111713
Rastrigin,real,blx-alpha,500,100,0.05,0.8,0.0,"[1.1668059881304123e-09, 1.0201849751042372e-09]",1000112662
Rastrigin,real,blx-alpha,500,100,0.05,0.8,0.0,"[-5.722260875966395e-10, 6.538594089931062e-10]",1000113614
Rastrigin,real,blx-alpha,500,100,0.05,0.8,0.0,"[-3.2128942786483134e-10, -3.482051012239842e-10]",1000114566
Rastrigin,real,blx-alpha,500,100,0.05,0.8,0.0,"[-1.1447890027405654e-09, -1.1470477916349845e-09]",1000115520